LOCATIONS,STATE,STATION CODE,TEMP,DO,pH,CONDUCTIVITY,BOD,NITRATE_N_NITRITE_N,FECAL_COLIFORM,TOTAL_COLIFORM
"GODAVARI AT JAYAKWADI DAM, AURNAGABAD,MAHARASHTRA",MAHARASHTRA,1312.0,29.2,6.4,8.1,735.0,3.4,2.0,3.0,73.0
GODAVARI RIVER NEAR SOMESHWAR TEMPLE.,MAHARASHTRA,2177.0,24.5,6.0,8.0,270.0,3.1,2.0,72.0,182.0
GODAVARI RIVER AT SAIKHEDA.,MAHARASHTRA,2182.0,25.8,5.5,7.8,355.0,4.2,9.0,59.0,133.0
"GODAVARI RIVER AT HANUMAN GHAT, NASHIK CITY.",MAHARASHTRA,2179.0,24.8,5.5,7.8,371.0,5.6,3.55,90.0,283.0
GODAVARI RIVER AT NANDUR- MADMESHWAR DAM.,MAHARASHTRA,2183.0,25.7,5.7,7.9,294.0,3.2,2.69,45.0,132.0
"GODAVARI RIVER AT KAPILA- GODAVARI CONFLUENCE POINT, TAPOVAN.",MAHARASHTRA,2181.0,25.0,4.5,7.5,513.0,12.6,2.3,131.0,320.0
GODAVARI RIVER NEAR TAPOVAN.,MAHARASHTRA,2180.0,24.8,5.2,7.7,475.0,10.3,1.9,122.0,343.0
"GODAVARI AT PANCHAVATI AT RAMKUND,MAHARASHTRA",MAHARASHTRA,1096.0,26.3,5.6,7.7,385.0,3.8,1.0,110.0,292.0
"GODAVARI AT NASIK D/S, MAHARASHTRA",MAHARASHTRA,1211.0,26.5,5.2,7.8,410.0,5.2,1.5,77.0,218.0
"GODAVARI AT U/S OF GANGAPUR DAM,NASIK,MAHARASHTRA",MAHARASHTRA,1095.0,26.0,6.5,7.8,178.0,2.5,1.99,22.0,74.0
"GODAVARI RIVER AT U/S OF AURANGABAD RESERVOIR, KAIGAON TOKKA NEAR KAIGAON BRIDGE.",MAHARASHTRA,2160.0,29.2,6.2,7.9,749.0,3.5,1.75,2.0,80.0
GODAVARI RIVER AT U/S OF PAITHAN AT PAITHAN INTAKE PUMP HOUSE AT JAYAKWADI ,MAHARASHTRA,2158.0,29.5,6.4,8.0,834.0,4.7,1.8,2.0,77.0
GODAVARI RIVER AT D/S OF PAITHAN AT PATHEGAON BRIDGE.,MAHARASHTRA,2159.0,30.2,6.2,8.0,925.0,4.2,6.9,2.0,82.0
"GODAVARI RIVER AT JALNA INTAKE WATER PUMP HOUSE, SHAHABAD.",MAHARASHTRA,2161.0,26.7,6.5,8.0,730.0,4.0,2.9,2.0,78.0
"GODAVARI AT DHALEGAON, MAHARASHTRA",MAHARASHTRA,12.0,27.2,7.0,7.9,637.0,4.7,6.5,2.0,80.0
"GODAVARI AT RAHER, MAHARASHTRA",MAHARASHTRA,1209.0,29.7,6.4,8.0,656.0,3.6,1.8,3.0,82.0
GODAVARI RIVER AT LATUR WATER INTAKE NEAR PUMP HOUSE AT DHAMEGAON.,MAHARASHTRA,2157.0,26.0,6.6,8.1,601.0,3.2,6.75,2.0,80.0
"GODAVARI AT BASARA, ADILABAD",ANDHRA PRADESH,2360.0,28.0,5.5,8.1,826.0,1.7,1.0,27.0,161.0
"GODAVARI  AT MANCHERIAL, NEAR RLY BDG B/C OF RALLAVAGU",ANDHRA PRADESH,2361.0,31.0,6.9,9.0,526.0,12.0,0.0,130.0,285.0
"GODAVARI AT RAMAGUNDAM D/S, NEAR FCI INTAKE WELL, KARIMNAGAR",ANDHRA PRADESH,2362.0,30.0,5.7,8.5,575.0,13.0,0.0,240.0,700.0
"GODAVARI AT GODAVARIKHANI, NEAR BATHING GHAT, KARIMNAGAR",ANDHRA PRADESH,2363.0,30.5,3.2,8.8,803.0,15.0,0.0,500.0,1250.0
"GODAVARI AT RAMAGUNDAM U/S , KARIMNAGAR",ANDHRA PRADESH,2364.0,30.5,6.7,9.0,531.0,12.5,0.0,130.0,425.0
"GODAVARI,  D/S OF RAMANUGUNDAM,",ANDHRA PRADESH,2356.0,29.0,4.4,8.5,656.0,13.0,0.0,300.0,500.0
"GODAVARI AT KAMALPUR U/S M/S AP RAYONS LTD. INTAKE WELL, WARANGAL",ANDHRA PRADESH,2365.0,30.0,6.1,8.4,418.0,6.5,0.0,300.0,500.0
"GODAVARI AT KAMALPUR D/S AT M/S. AP RAYONS LTD. DISCHARGE POINT, WARANGAL",ANDHRA PRADESH,2366.0,29.5,6.6,8.2,421.0,4.0,0.0,280.0,700.0
"GODAVARI AT MANCHERIAL, A.P.",ANDHRA PRADESH,13.0,29.5,4.1,9.1,518.0,16.5,0.0,240.0,900.0
"GODAVARI AT BHADRACHALAM U/S BATHING GHAT, KHAMMAM",ANDHRA PRADESH,2367.0,20.0,6.0,8.1,443.0,0.3,1.0,2.0,640.0
"GODAVARI AT BHADRACHALAM D/S BATHING GHAT, KHAMMAM",ANDHRA PRADESH,2368.0,20.2,5.6,8.0,462.0,0.8,1.0,3.0,5280.0
"GODAVARI AT BURGAMPAHAD, KHAMMAM",ANDHRA PRADESH,2369.0,19.8,6.1,7.9,666.0,1.8,0.84,2.0,1160.0
GODAVARI AT RAJAMUNDRY U/S OF NALLA CHANNEL,ANDHRA PRADESH,2370.0,26.6,5.8,6.9,290.0,1.2,2.4,48.0,628.0
"GODAVARI AT POLAVARAM, A.P.",ANDHRA PRADESH,14.0,27.0,6.2,7.7,380.0,1.2,1.56,7384.170353982301,170.0
"GODAVARI AT RAJAHMUNDRY U/S, A.P.",ANDHRA PRADESH,1218.0,26.6,6.1,7.4,480.0,1.3,1.98,3.0,432.0
GODAVARI AT RAJAMUNDRY D/S OF NALLA CHANNEL,ANDHRA PRADESH,2371.0,26.8,5.9,7.0,315.0,1.2,1.29,23.0,1100.0
"ALKANANDA B/C MANDAKINI AT RUDRA PRAYAG, UTTAR PRADESH",UTTARAKHAND,1484.0,17.5,8.5,8.1,684.9761904761905,0.7,0.0,7384.170353982301,124396.96767676767
"MANDAKINI B/C ALKALNADA AT RUDRAPRAYAG, UTTAR PRADESH",UTTARAKHAND,1485.0,16.3,8.8,8.1,684.9761904761905,0.7,0.0,7384.170353982301,124396.96767676767
"ALKANANDA A/C MANDAKINI AT RUDRAPRAYAG, UTTAR PRADESH",UTTARAKHAND,1486.0,16.7,8.1,8.0,684.9761904761905,1.0,0.0,7384.170353982301,124396.96767676767
"ALKANANDA B/C TO BHAGIRATHI AT DEVPRAYAG, UTTAR PRADESH",UTTARAKHAND,1487.0,17.3,8.4,8.1,684.9761904761905,1.0,0.0,7384.170353982301,124396.96767676767
"BHAGIRATHI B/C WITH ALAKNANDA AT DEVPRAYAG, U.P",UTTARAKHAND,1488.0,17.0,8.7,8.1,684.9761904761905,0.9,0.0,7384.170353982301,124396.96767676767
"ALKANANDA A/C WITH BHAGIRATHI AT DEVPRAYAG, UTTAR PRADESH",UTTARAKHAND,1489.0,17.0,8.2,8.0,684.9761904761905,1.1,0.0,7384.170353982301,124396.96767676767
"GANGA AT RISHIKESH U/S, U.P",UTTARAKHAND,1060.0,17.2,8.7,7.7,684.9761904761905,1.1,0.0,7384.170353982301,22.0
GANGA RIVER AFTER CONFLUENCE OF RIVER SONG NEAR SATYANARAYAN TEMPLE D/S RAIWALA,UTTARAKHAND,2725.0,21.0,6.9,7.8,684.9761904761905,5.2,0.0,7384.170353982301,908.0
"GANGA AT HARIDWAR D/S, U.P",UTTARAKHAND,1061.0,24.4,5.4,7.5,684.9761904761905,5.3,0.0,7384.170353982301,1600.0
UPPER GANGA RIVER D/S ROORKEE,UTTARAKHAND,2727.0,18.7,7.7,7.7,684.9761904761905,2.1,0.0,7384.170353982301,177.0
"GANGA AT GARHMUKTESHWAR, U.P",UTTAR PRADESH,1062.0,23.0,9.0,7.4,242.0,2.5,0.4,664.0,1268.0
"GANGA U/S, ANOOPSHAHAR",UTTAR PRADESH,2488.0,23.0,8.0,7.4,310.0,2.7,0.1,4000.0,630.0
"GANGA D/S, ANOOPSHAHAR",UTTAR PRADESH,2489.0,22.0,8.2,7.5,293.0,2.6,0.1,370.0,610.0
"GANGA AT NARORA (BULANDSAHAR), U.P.",UTTAR PRADESH,1145.0,23.0,7.8,7.4,320.0,3.1,0.1,410.0,630.0
"GANGA AT KACHHLA GHAT, ALIGARH",UTTAR PRADESH,2490.0,23.0,7.3,7.5,277.0,1.4,0.0,400.0,610.0
"GANGA AT KANNAUJ U/S (RAJGHAT), U.P",UTTAR PRADESH,1063.0,26.9,7.9,7.9,288.0,2.9,0.2,2200.0,4467.0
"GANGA AT KANNAUJ D/S, U.P",UTTAR PRADESH,1066.0,26.9,7.3,7.9,276.0,3.2,0.3,2978.0,5078.0
"GANGA AT BITHOOR (KANPUR), U.P.",UTTAR PRADESH,1146.0,27.0,7.9,8.2,290.0,3.0,0.2,2333.0,4256.0
"GANGA AT KANPUR U/S (RANIGHAT), U.P",UTTAR PRADESH,1067.0,27.0,7.5,8.2,307.0,3.4,0.2,2600.0,4856.0
"GANGA AT KANPUR D/S (JAJMAU PUMPING STATION), U.P",UTTAR PRADESH,1068.0,27.0,6.3,7.7,430.0,5.5,0.3,15889.0,54333.0
"GANGA AT DALMAU (RAI BAREILLY), U.P.",UTTAR PRADESH,1147.0,22.1,8.0,7.8,213.0,3.7,0.8,5517.0,8250.0
"GANGA AT KALA KANKAR, RAEBARELI",UTTAR PRADESH,2498.0,22.1,8.2,7.8,209.0,3.6,0.8,5158.0,7967.0
"GANGA AT ALLAHABAD (RASOOLABAD), U.P.",UTTAR PRADESH,1046.0,24.4,8.7,8.3,385.0,3.6,1.7,17283.0,29500.0
"GANGA AT KADAGHAT, ALLAHABAD",UTTAR PRADESH,2487.0,24.5,8.4,8.3,382.0,3.9,1.8,18333.0,31833.0
"GANGA AT ALLAHABAD D/S (SANGAM), U.P.",UTTAR PRADESH,1049.0,24.4,8.5,8.3,404.0,4.2,2.0,19500.0,32417.0
"GANGA U/S, VINDHYACHAL, MIRZAPUR",UTTAR PRADESH,2485.0,22.4,8.4,7.7,290.0,2.5,0.4,1567.0,3078.0
"GANGA D/S, MIRZAPUR",UTTAR PRADESH,2486.0,23.8,8.4,7.6,299.0,2.6,0.5,2146.0,6518.0
"GANGA AT VARANASI U/S (ASSIGHAT), U.P",UTTAR PRADESH,1070.0,22.5,8.3,8.2,338.0,2.9,0.0,2617.0,3950.0
"GANGA AT VARANASI D/S (MALVIYA BRIDGE), U.P",UTTAR PRADESH,1071.0,22.5,7.8,8.5,385.0,4.5,0.0,31167.0,47333.0
"GANGA AT TRIGHAT (GHAZIPUR), U.P",UTTAR PRADESH,1073.0,22.7,7.7,8.5,369.0,3.9,0.0,17500.0,25667.0
"SHUKRA TAL, MUZAFFARNAGAR, NEAR GANGA RIVER",UTTAR PRADESH,2502.0,17.0,8.6,8.0,290.0,1.8,0.0,70.0,125.0
"GANGA AT BUXAR,BIHAR",BIHAR,1074.0,24.5,8.4,8.1,371.0,2.5,0.0,1190.0,3100.0
"GANGA AT BUXAR, RAMREKHAGHAT",BIHAR,2551.0,24.9,8.1,8.1,376.0,2.7,0.0,3183.0,9350.0
"GANGA AT KHURJI, PATNA U/S, BIHAR",BIHAR,1077.0,24.5,8.1,8.1,376.0,2.3,0.0,1600.0,3436.0
"GANGA AT INDRAPURI, DEHRI ON SONE",BIHAR,2556.0,22.3,8.2,8.1,270.0,2.2,0.0,660.0,2033.0
"GANGA  AT THE CONFLUENCE OF SONE RIVER DORIGANJ, CHAPRA",BIHAR,2564.0,23.8,8.3,8.2,311.0,2.5,0.0,1483.0,3967.0
GANGA DARBHANGA GHAT AT PATNA,BIHAR,2552.0,24.7,7.8,7.9,402.0,2.8,0.0,6527.0,19091.0
"GANGA AT PATNA D/S (GANGA BRIDGE),BIHAR",BIHAR,1079.0,24.9,7.9,8.0,402.0,2.7,0.0,3782.0,11564.0
"GANGA AT PUNPUN, PATNA",BIHAR,2555.0,24.7,7.3,7.7,452.0,2.5,0.0,1382.0,4573.0
GANGA AT FATUHA,BIHAR,2553.0,24.4,8.1,8.0,386.0,2.3,0.0,1846.0,4982.0
GANGA AT MOKAMA (U/S),BIHAR,1817.0,24.1,7.8,7.9,277.0,2.3,0.0,1251.0,2770.0
GANGA AT MOKAMA (D/S),BIHAR,1815.0,24.0,7.7,7.8,295.0,2.6,0.0,2792.0,9430.0
GANGA AT MUNGER,BIHAR,1818.0,23.9,7.6,7.8,268.0,2.4,0.0,1622.0,4411.0
"GANGA AT SULTANGANJ, BHAGALPUR",BIHAR,2554.0,24.0,7.7,7.8,280.0,2.5,0.0,1560.0,3722.0
GANGA AT BHAGALPUR,BIHAR,1819.0,24.4,7.7,7.8,276.0,2.6,0.0,2933.0,9044.0
GANGA AT KAHALGAON,BIHAR,1816.0,23.4,7.8,7.9,265.0,2.7,0.0,2678.0,8511.0
GANGA AT D/S BUXAR NEAR GANGA BRIDGE,BIHAR,3113.0,24.5,8.2,8.1,352.0,2.5,0.0,1705.0,4683.0
GANGA RIVER NEAR DANAPUR (NEAR PIPAPUL),BIHAR,3114.0,24.1,8.1,8.1,375.0,2.4,0.0,1198.0,2855.0
GANGA RIVER AT BARH,BIHAR,3115.0,23.4,7.8,7.9,260.0,2.2,0.0,1106.0,2529.0
GANGA AT U/S MUNGER (NEAR INTAKE WELL ON GANGA),BIHAR,3116.0,23.8,7.8,7.9,267.0,2.3,0.0,998.0,2478.0
GANGA AT U/S SULTANGANJ,BIHAR,3117.0,23.9,7.8,7.9,270.0,2.3,0.0,1220.0,2844.0
GANGA AT U/S BHAGALPUR,BIHAR,3118.0,23.9,7.7,7.9,262.0,2.4,0.0,1290.0,3020.0
"GANGA AT MALSALAMI, PATNA",BIHAR,3122.0,24.5,8.0,8.0,377.0,2.4,0.0,1846.0,5073.0
GANGA RIVER AT BARAHIA,BIHAR,3123.0,22.5,7.7,7.9,292.0,2.3,0.0,1048.0,2833.0
"TRIBENI ON GANGA, NEAR BURNING GHAT",WEST BENGAL,2506.0,28.3,6.9,8.0,312.0,2.8,0.8,34392.0,61283.0
"GANGA AT ULUBERIA, WEST BENGAL",WEST BENGAL,1052.0,27.1,6.3,8.1,368.0,3.4,0.6,31417.0,78083.0
"GANGA AT DIAMOND HARBOUR, WEST BENGAL",WEST BENGAL,1469.0,26.4,6.9,8.0,1900.0,3.7,0.8,41750.0,88917.0
"BRAHAMPUTRA AT KHERGHAT (AFTER CONFL. WITH DIBANG & DIHANG),ASSAM",ASSAM,1260.0,22.3,7.2,7.1,216.0,1.5,1.4,146.0,5525.0
"BRAHAMPUTRA AT DIBRUGARH, ASSAM",ASSAM,1030.0,21.8,7.7,7.2,256.0,1.4,1.5,2128.0,45100.0
"BRAHAMPUTRA AT NIMATIGHAT, ASSAM",ASSAM,1262.0,25.1,6.9,7.0,273.0,1.5,2.5,585.0,26322.0
"BRAHMPUTRA RIVER AT DHENUKHAPAHAR, ASSAM",ASSAM,1526.0,24.3,7.5,7.0,298.0,1.3,1.7,12418.0,93005.0
"BRAHAMPUTRA AT PANDU, ASSAM",ASSAM,1031.0,25.4,7.9,7.2,236.0,1.4,2.3,5449.0,134042.0
"BRAHAMPUTRA AT JOGIJHOGA NEAR BRIDGE, ASSAM",ASSAM,1299.0,27.7,6.0,7.3,295.0,1.1,1.9,444.0,8382.0
"BRAHMPUTRA RIVER NEAR WATER INTAKE POINT AT KACHARIGHAT, PANBAZAR, GUWAHATI, ASSAM",ASSAM,2069.0,27.0,8.1,7.6,210.0,0.9,1.2,3388.0,123400.0
"BRAHMAPUTRA RIVER AT CHANDRAPUR, GUWAHATI",ASSAM,2064.0,25.8,7.3,7.1,168.0,1.6,0.4,1653.0,61303.0
"BRAHMPUTRA RIVER AT SUALKUCHI, DIST. KAMRUP, ASSAM",ASSAM,2067.0,27.3,7.1,7.2,289.0,1.6,1.4,1208.0,8725.0
BRAHMAPUTRA RIVER AT DHUBRI,ASSAM,2066.0,28.2,5.1,7.0,253.0,1.5,1.4,2990.0,180228.0
"KRISHNA AT MAHABALESHWAR DHOM DAM NEAR KOINA DAM,MAHARASHTRA",MAHARASHTRA,1194.0,23.1,6.8,8.1,160.0,3.1,2.9,15.0,387.0
"KRISHNA AT RAJAPUR WEIR, MAHARASHTRA",MAHARASHTRA,1153.0,24.1,6.8,7.4,449.0,2.9,1.7,7384.170353982301,80.0
"KRISHNA AT KRISHNA BRIDGE, KARAD, MAHARASHTRA",MAHARASHTRA,36.0,23.8,6.0,8.2,262.0,5.1,1.8,149.0,1357.0
KRISHNA D/S OF ISLAMPUR,MAHARASHTRA,1906.0,25.0,6.7,7.6,441.0,2.9,1.5,2.0,80.0
"KRISHNA AT SANGLI, MAHARASHTRA",MAHARASHTRA,37.0,23.7,7.0,7.5,711.0,3.0,1.4,7384.170353982301,90.0
"KRISHNA AT KURUNDWAD IN KOLHAPUR,MAHARASHTRA",MAHARASHTRA,1310.0,24.0,7.0,7.5,400.0,2.8,1.2,4.0,110.0
KRISHNA RIVER AT KSHETRA MAHULI.,MAHARASHTRA,2187.0,20.8,6.1,8.4,551.0,5.6,2.3,183.0,1377.0
KRISHNA RIVER AT KRISHNA-VENNA SANGAM AT MAHULI.,MAHARASHTRA,2188.0,22.0,6.2,8.3,458.0,4.6,2.3,191.0,1481.0
KRISHNA RIVER AT WAI.,MAHARASHTRA,2190.0,22.7,6.1,8.2,413.0,5.5,1.8,171.0,1257.0
"KRISHNA AT U/S OF UGARKHURD BARRAGE,KARNATAKA",KARNATAKA,1182.0,29.0,7.5,8.0,685.0,2.1,2.3,780.0,1390.0
KRISHNA - ANKALI BRIDGE ALONG CHIKKODI KAGWAD ROAD,KARNATAKA,1889.0,28.0,7.5,8.0,808.0,1.8,2.1,890.0,1460.0
"KRISHNA AT D/S OF NARAYANPURA DAM,KARNATAKA",KARNATAKA,1181.0,29.3,5.9,8.3,521.0,1.5,0.4,518.0,1110.0
"KRISHNA AT D/S OF DEVASAGAR BDG.,KARNATAKA",KARNATAKA,1170.0,29.4,7.2,8.3,916.0,1.9,0.2,792.0,1483.0
"KRISHNA AT TINTINI BRIDGE, KARNATAKA",KARNATAKA,1028.0,29.5,7.1,8.2,718.0,1.9,0.2,538.0,1100.0
"KRISHNA AT D/S OF ALAMATTI DAM, KARNATAKA",KARNATAKA,2781.0,29.2,6.2,8.3,513.0,1.4,0.5,678.0,1250.0
"THANGADI , MAHABOOBNAGAR DIST., A.P",ANDHRA PRADESH,1784.0,17.6,5.3,8.1,874.0,10.5,0.0,7384.170353982301,124396.96767676767
"KRISHNA AFTER CONFL. WITH TUNGABHADRA, SANGAMESHWARAM A.P.",ANDHRA PRADESH,1175.0,26.0,6.7,8.1,791.0,2.6,2.0,28.0,611.0
"KRISHNA AT GADWAL BRIDGE, A.P.",ANDHRA PRADESH,39.0,17.2,5.6,8.1,870.0,9.5,0.0,7384.170353982301,124396.96767676767
"KRISHNA AT WADAPALLY AFTER CONFL. WITH R. MUSI, A.P.(SHIFTED FROM 1220)",ANDHRA PRADESH,1465.0,28.4,5.7,8.7,1072.0,1.6,1.2,11.0,122.0
"VEDADRI , GUNTUR DIST., A.P",ANDHRA PRADESH,1786.0,24.9,6.8,7.9,726.0,0.9,0.6,2.0,1875.0
"AMARAVATI , GUNTUR DIST., A.P",ANDHRA PRADESH,1787.0,27.6,7.0,7.8,669.0,0.6,0.4,2.0,1613.0
"KRISHNA AT VIJAYWADA, A.P.",ANDHRA PRADESH,25.0,25.8,7.2,8.0,669.0,0.7,0.7,2.0,1750.0
"KRISHNA D/S OF SRISHAILAM,  KURNOOL, A.P.",ANDHRA PRADESH,3083.0,28.4,6.8,8.2,818.0,2.9,2.0,36.0,860.0
"YAMUNA AT U/S OF LAKHWAR DAM, U.P",UTTARAKHAND,1494.0,19.7,6.5,8.2,684.9761904761905,1.1,0.0,7900.0,35000.0
"YAMUNA AT U/S DAK PATTHAR, UTTAR PARDESH",UTTARAKHAND,1490.0,18.7,7.7,8.2,684.9761904761905,1.3,0.0,1100.0,6509.0
"YAMUNA , U/S PAONTA SAHIB, H.P",HIMACHAL PRADESH,1553.0,22.3,7.7,7.5,465.0,1.2,0.2,9.0,19.0
"YAMUNA , D/S PAONTA SAHIB, H.P",HIMACHAL PRADESH,1554.0,23.7,7.5,7.8,331.0,1.5,0.2,11.0,21.0
"YAMUNA AT WAZIRABAD, DELHI, CPCB",DELHI,1120.0,25.241398865784515,9.3,7.6,684.9761904761905,2.4,1.3785714285714301,7384.170353982301,10003.0
"YAMUNA AT KESIGHAT, VRINDAVAN",UTTAR PRADESH,2495.0,25.0,4.0,7.7,196.0,8.3,0.0,43546.0,73727.0
"YAMUNA AT VISHRAMGHAT, MATHURA",UTTAR PRADESH,2494.0,25.0,3.7,7.5,273.0,9.2,0.0,53546.0,117273.0
YAMUNA AT SHAHPUR,UTTAR PRADESH,2493.0,25.3,4.5,7.5,281.0,7.0,0.0,34818.0,65000.0
"YAMUNA AT ALLAHABAD D/S (BALUA GHAT), U.P",UTTAR PRADESH,1069.0,24.8,8.1,8.2,522.0,2.4,1.8,2875.0,5975.0
YAGACHI RIVER NEAR PUMPING STATION. HASSAN CITY,KARNATAKA,1893.0,27.4,5.4,7.7,394.0,1.0,0.1,913.0,3600.0
HEMAVATI AT D/S OF HOLENARASIPURA TOWN AT RAMADEVALA WEIR,KARNATAKA,1199.0,27.7,5.8,7.7,298.0,1.0,0.1,1073.0,3533.0
"SHIMSHA AT D/S OF HIGHWAY BRIDGE, YEDIYAR, KARNATAKA",KARNATAKA,1200.0,28.7,7.1,7.9,416.0,3.0,1.3,7384.170353982301,1600.0
"SHIMSHA AT D/S OF BRIDGE, HALAGUR, KARNATAKA",KARNATAKA,1166.0,26.7,6.3,8.2,573.0,2.9,0.6,716.0,2950.0
"ARKAVATHI AT D/S OF KANAKAPURA TOWN, KARNATAKA",KARNATAKA,1165.0,27.0,6.9,7.3,1560.0,7.3,9.1,56.0,788.0
"ARKAVATHI AT T.G. HALLI RESERVOIR, , KARNATAKA",KARNATAKA,2778.0,29.4,6.6,7.7,1049.0,4.3,1.3,46.0,1012.0
"LAKSHMANTIRTHA  AT D/S OF HUNSUR TOWN, KARNATAKA",KARNATAKA,1196.0,26.1,4.4,7.8,467.0,3.8,0.5,1099.0,4550.0
"LAKSHMANTIRTHA  AT D/S OF KATTEMALAVADI, KARNATAKA",KARNATAKA,2772.0,26.2,5.7,7.9,370.0,2.2,0.4,430.0,1744.0
"KABBANI AT MUTHANKARA, KERALA",KERALA,1207.0,26.9,6.7,7.7,78.0,0.4,0.8,58.0,96.0
"KABBANI AT SARAGUR VILLAGE D/S, KARNATAKA",KARNATAKA,1197.0,25.3,7.2,7.5,219.0,1.1,0.3,353.0,1478.0
"KABBANI AT CAUSE WAY  SATTUR, KARNATAKA",KARNATAKA,41.0,25.8,7.2,7.9,299.0,1.4,0.3,310.0,1357.0
"KABBANI AT WATER INTAKE OF KIADB AT NANJANGUD,KARNATAKA",KARNATAKA,1445.0,25.7,7.2,7.9,266.0,1.3,0.3,308.0,1345.0
"KABINI AT BATHING GHAT, NANJANAGUD, KARNATAKA",KARNATAKA,2775.0,25.7,5.5,7.7,282.0,2.3,0.3,647.0,2717.0
"BHAVANI AT ELACHIVAZHY, KERALA",KERALA,1208.0,24.7,7.4,7.7,138.0,0.7,0.2,197.0,408.0
"BHAVANI AT PATHIRAKALIAMMAN KOIL, TAMILNADU",TAMILNADU,1201.0,24.4,8.1,7.7,108.0,0.7,0.3,11667.0,37848.0
"BHAVANI AT SIRUMUGAI,TAMILNADU",TAMILNADU,1204.0,24.6,7.5,7.7,207.0,1.1,0.3,6613.0,20942.0
"BHAVANI AT BHAVANI SAGAR, TAMILNADU",TAMILNADU,1321.0,26.8,7.2,7.9,161.0,1.9,0.2,15109.0,32509.0
"BHAVANI AT BHAVANI, TAMILNADU",TAMILNADU,1205.0,27.3,6.3,8.1,555.0,1.5,0.4,15578.0,35738.0
"BHAVANI AT D/S OF BHAVANISAGAR, SATHYAMANGALAM, ERODE, TAMILNADU",TAMILNADU,3019.0,27.4,7.2,7.9,304.0,1.8,0.3,18158.0,42583.0
"U/S OF KALINGARAYAN CANAL (B5), ERODE, TAMILNADU",TAMILNADU,3020.0,26.8,5.9,8.1,442.0,0.9,0.2,12432.0,24552.0
"D/S OF KALINGARAYAN CANAL (B10), ERODE, TAMILNADU",TAMILNADU,3021.0,27.2,6.4,8.1,481.0,0.9,0.2,22473.0,44153.0
ASHWANI AT U/S YASHWANT NAGAR,HIMACHAL PRADESH,2620.0,17.2,7.9,7.5,295.0,0.6,1.5,6.0,22.0
BATTA AT U/S PAONTA,HIMACHAL PRADESH,2626.0,23.3,7.7,7.7,302.0,1.1,0.3,11.0,20.0
BATTA BEFORE CONFLUENCE TO YAMUNA,HIMACHAL PRADESH,2627.0,23.9,7.5,7.7,348.0,1.4,0.3,9.0,20.0
GIRI AT D/S YASHWANT NAGAR,HIMACHAL PRADESH,2621.0,17.4,7.9,7.3,242.0,0.7,1.5,5.0,17.0
GIRI AT U/S CCI MINES,HIMACHAL PRADESH,2622.0,21.9,8.1,7.6,508.0,1.1,0.4,8.0,17.0
GIRI D/S SATAUN,HIMACHAL PRADESH,2623.0,22.8,7.9,7.6,467.0,1.4,0.3,8.0,17.0
"TONS AT CHAKGHAT, M.P.",MADHYA PRADESH,1143.0,26.8,6.4,7.6,576.0,2.8,2.0,20.0,211.0
"BETWA U/S, BEENA",MADHYA PRADESH,2107.0,25.9,7.5,7.8,361.0,0.6,0.0,7384.170353982301,2.0
"BETWA D/S, BEENA",MADHYA PRADESH,2108.0,26.9,7.4,8.3,371.0,0.7,0.0,7384.170353982301,3.0
"BETWA AT GOVIND SAGAR, U.P",UTTAR PRADESH,1735.0,27.5,6.7,8.5,218.0,3.0,0.0,3150.0,13310.0
"BETWA BEFORE CONF. YAMUNA AT HAMIRPUR, U.P.",UTTAR PRADESH,1356.0,24.0,7.1,8.1,386.0,3.2,0.0,3580.0,15300.0
CHAMBAL AT NAGDA U/S (WATER INTAKE POINT) M.P.,MADHYA PRADESH,1365.0,26.2,7.3,7.9,515.0,5.339772727272726,1.0,7384.170353982301,262.0
"CHAMBAL ENTERING IN RAJASTHAN AT GANDHI SAGAR DAM, KOTA, RAJASTHAN",RAJASTHAN,2955.0,26.2,5.6,7.8,317.0,0.8,0.6,4.0,5.0
"CHAMBAL AT GANDHI SAGAR DAM, RAMPURA, MP",MADHYA PRADESH,1418.0,27.0,7.2,7.9,338.0,1.9,1.2,7384.170353982301,236.0
"CHAMBAL AT KOTA U/S (INTAKE PT. NEAR BARRAGE), RAJASTHAN",RAJASTHAN,1288.0,27.8,6.0,7.9,301.0,0.8,0.4,4.0,5.0
"CHAMBAL AT KOTA D/S (2 KM. FROM CITY),RAJASTHAN",RAJASTHAN,1289.0,26.6,5.9,8.4,546.0,2.0,0.6,13.0,642.0
"CHAMBAL AT RAMESHWARGHAT NR. SAWAIMADHOPUR, RAJASTHAN",RAJASTHAN,1413.0,24.7,5.3,8.2,608.0,1.3,0.7,4.0,14.0
"CHAMBAL AT DHOLPUR, M.P",MADHYA PRADESH,1609.0,24.6,8.2,7.5,696.0,2.0,0.9,7384.170353982301,124396.96767676767
"PARVATI NEAR VILLAGE BATAODAPAR, M.P.",MADHYA PRADESH,1432.0,25.5,7.2,7.5,599.0,2.1,0.0,7384.170353982301,124396.96767676767
"PARVATI A/C OF VINDHYACHAL NALLA, PILUKHEDI",MADHYA PRADESH,2126.0,26.3,6.7,7.5,608.0,2.1,0.0,7384.170353982301,124396.96767676767
"PARVATI BEFORE MEETING RIVER CHAMBAL AT KHATOLI, KOTA, RAJASTHAN",RAJASTHAN,2954.0,25.8,5.2,8.2,556.0,1.0,0.6,4.0,10.0
"GOHAD DAM, GOHAD, M.P",MADHYA PRADESH,1607.0,25.4,7.2,7.7,1165.0,2.6,1.7,7384.170353982301,124396.96767676767
"KSHIPRA AT RAMGHAT AT UJJAIN, M.P.",MADHYA PRADESH,1369.0,27.0,6.9,8.0,974.0,5.339772727272726,1.6,7384.170353982301,1600.0
"KSHIPRA AT TRIVENISANGAM (1 KM. D/S OF SANGAM), M.P.",MADHYA PRADESH,1370.0,26.8,7.0,7.8,854.0,5.339772727272726,1.9,7384.170353982301,1600.0
"KSHIPRA AT SIDDHAWAT (D/S) OF UJJAIN.,M.P.",MADHYA PRADESH,1468.0,26.8,6.5,7.9,952.0,5.339772727272726,1.9,7384.170353982301,1600.0
"KALI SINDH AT ANICUT OF M/S CFCL GADEPAN, KOTA, RAJASTHAN",RAJASTHAN,2953.0,25.6,5.4,8.0,489.0,0.9,0.6,4.0,7.0
"KALI SINDH AT BAROD ROAD BRIDGE, KOTA, RAJASTHAN",RAJASTHAN,2956.0,26.1,5.2,8.3,587.0,0.9,0.5,4.0,6.0
"SINDH AT DABRA, M.P",MADHYA PRADESH,1608.0,24.4,8.1,7.5,708.0,1.8,0.8,7384.170353982301,124396.96767676767
"BICHIA, BRIDGE GOVINDGARH ROAD",MADHYA PRADESH,2117.0,26.3,5.4,7.6,607.0,5.2,3.3,48.0,633.0
"SANKH AT TIGRA RESERVOIR, M.P.",MADHYA PRADESH,1433.0,23.0,8.4,7.5,811.0,2.1,0.9,7384.170353982301,124396.96767676767
"JAMUNI AT BARIYAGHAT U/S NEAR INTAKE POINT, TIKAMGARH",MADHYA PRADESH,3311.0,26.8,7.6,8.0,345.0,0.6,0.0,7384.170353982301,1.0
"SONE AT AMLAI, 100 METRE D/S AFTER MIXING OF ATPS EFFLUENT, REWA",MADHYA PRADESH,3327.0,26.8,6.6,7.8,865.0,3.9,1.8,7384.170353982301,315.0
"BANAS AT DHANARI DAM, NEAR SWAROOPGANJ, SIROHI, RAJASTHAN",RAJASTHAN,2950.0,23.9,6.2,7.7,404.0,1.2,0.5,4.0,6.0
"BANAS AT BISULPUR DAM, TONK, RAJASTHAN",RAJASTHAN,2951.0,28.0,5.7,8.1,388.0,0.8,0.6,7384.170353982301,4.0
"BANAS AT NEAR NEWTA DAM, JAIPUR, RAJASTHAN",RAJASTHAN,2952.0,23.2,2.4,8.2,1596.0,7.3,0.9,13.0,883.0
"CHHAPI AT UPSTREAM OF CHHAPI DAM, JHALAWAR, RAJASTHAN",RAJASTHAN,2945.0,25.8,5.7,8.0,306.0,0.8,0.5,7384.170353982301,5.0
"UJAD AT UPSTREAM OF BHIM SAGAR DAM, JHALAWAR, RAJASTHAN",RAJASTHAN,2946.0,25.9,5.6,8.0,265.0,0.9,0.5,4.0,6.0
TEESTA AT SILIGURI,WEST BENGAL,1947.0,20.8,7.5,7.4,86.0,2.0,0.5,2833.0,6700.0
"KUNDLI RIVER AT KUNDLI/ SAPAKHOWA, SADIA.",ASSAM,2229.0,24.8,6.5,7.3,195.0,1.7,0.8,1258.0,1530.0
DIKHOW RIVER AT DIKHOW BRIDGE SIVASAGAR,ASSAM,2231.0,25.7,7.1,7.1,287.0,1.3,1.4,423.0,2320.0
"KOHORA RIVER AT N.H. CROSSING, KOHORA",ASSAM,2232.0,24.3,8.1,6.7,58.0,1.3,0.4,318.0,4598.0
"BOGINADI NEAR BRIDGE NH-52, LAKHIMPUR",ASSAM,2233.0,24.0,7.7,6.6,177.0,1.3,1.6,875.0,29558.0
RANGA NADI D/S OF HYDEL PROJECT,ASSAM,2234.0,25.0,7.7,6.9,157.0,1.2,1.3,465.0,11818.0
"KAPILI RIVER AT DHARMTUL BRIDGE, NH-31, NAGAON",ASSAM,2236.0,25.5,7.3,6.5,138.0,1.7,0.6,175.0,615.0
BEKI RIVER AT NH-37 CROSSING AT BARPETA ROAD,ASSAM,2238.0,26.9,5.8,7.1,220.0,1.3,1.6,228.0,1133.0
"SANKOSH RIVER, DHUBRI",ASSAM,2239.0,29.0,5.3,6.8,132.0,2.3,0.8,1280.0,62780.0
BARAK RIVER AT D/S OF SILCHAR,ASSAM,2240.0,17.5,6.2,6.8,138.0,1.6,1.3,1255.0,2975.0
SONAI RIVER AT SONAI,ASSAM,2241.0,15.1,6.3,6.8,136.0,1.0,1.4,6048.0,31975.0
"KALJANI D/S OF ALIPURDWAR, MUNICIPALITY DISCHARGE POINT ",WEST BENGAL,2524.0,28.8,7.6,7.6,141.0,2.4,0.3,4708.0,15667.0
"PANCHNAI RIVER AT NH-52 CROSSING, ORANG",ASSAM,2235.0,23.0,7.7,7.0,355.0,0.8,1.4,1530.0,5628.0
GOLA RIVER AT HALDWANI,UTTARAKHAND,2728.0,15.1,7.7,7.6,229.0,1.4,0.0,7384.170353982301,124396.96767676767
BHALLA RIVER U/S KASHIPUR,UTTARAKHAND,2734.0,22.6,2.8,7.1,378.0,18.4,0.0,7384.170353982301,124396.96767676767
DHELA RIVER D/S AT THAKURDWARA ALIGANJ ROAD,UTTARAKHAND,2733.0,23.7,1.8,7.3,801.0,30.4,0.0,7384.170353982301,124396.96767676767
KOSI RIVER AT KASHIPUR BAJPUR ROAD BRIDGE,UTTARAKHAND,2731.0,22.3,7.9,7.1,386.0,6.4,0.0,7384.170353982301,124396.96767676767
"RAMGANGA AT KANNAUJ (BEFORE CONF.),U.P",UTTAR PRADESH,1064.0,26.9,6.9,8.0,391.0,4.1,0.3,2800.0,5256.0
"KALINADI AT KANNAUJ (BEFORE CONF.),U.P",UTTAR PRADESH,1065.0,26.9,6.2,7.9,316.0,5.1,0.3,2956.0,5056.0
"VARUNA AT RAMESHWAR, VARANASI",UTTAR PRADESH,2482.0,22.9,8.0,8.0,305.0,2.6,0.0,4942.0,5758.0
"SAI AT JALALPUR, JAUNPUR",UTTAR PRADESH,2484.0,23.0,7.8,8.2,298.0,2.9,0.0,6300.0,10192.0
"GOMTI AT SITAPUR U/S AT WATER INTAKE, U.P.",UTTAR PRADESH,1350.0,25.8,8.7,8.1,392.0,2.7,1.3,631.0,1879.0
"GOMTI AT LUCKNOW U/S AT WATER INTAKE POINT,U.P.",UTTAR PRADESH,1351.0,25.9,8.0,8.0,454.0,3.3,1.6,2120.0,3900.0
"GOMTI AT LUCKNOW D/S, U.P.",UTTAR PRADESH,1352.0,25.0,2.6,7.6,568.0,9.5,4.0,82800.0,118300.0
"GOMTI AT JAUNPUR D/S, U.P.",UTTAR PRADESH,1353.0,22.7,7.7,8.2,323.0,3.3,0.0,11083.0,16333.0
"GOMTI AT VARANASI, U.P",UTTAR PRADESH,1072.0,22.9,7.8,8.1,306.0,3.0,0.0,6917.0,11283.0
"RAPTI AT RAJGHAT, GORAKHPUR",UTTAR PRADESH,2491.0,20.8,7.5,8.0,478.0,3.4,0.4,593.0,1175.0
"RAPTI AFTER CONFL. OF R. HONIN NR. DOMINGARH RLY BRIDGE, GORAKHPUR, U.P.",UTTAR PRADESH,1363.0,21.0,7.1,8.1,438.0,2.8,0.3,232.0,494.0
"SARYU AT AYODHYA AT MAIN BATHING GHAT, U.P.",UTTAR PRADESH,1354.0,20.3,9.2,7.7,187.0,2.7,0.7,4525.0,7258.0
"GHAGHARA AT DEORIA D/S, U.P.",UTTAR PRADESH,1355.0,23.0,7.7,8.1,488.0,2.9,0.3,203.0,455.0
"GHAGHRA AT BARHALGANJ, GORAKHPUR",UTTAR PRADESH,2492.0,21.6,7.5,8.1,529.0,3.4,0.4,583.0,1177.0
"GHAGHARA NEAR CHAPRA, BIHAR",BIHAR,1076.0,23.2,8.6,8.2,260.0,2.2,0.0,1115.0,2433.0
"RIHAND AT RENUKUT U/S, U.P.",UTTAR PRADESH,1359.0,24.5,7.6,8.1,286.0,2.4,0.6,1287.0,2367.0
"RIHAND AT RENUKUT D/S, U.P.",UTTAR PRADESH,1360.0,24.5,7.9,8.1,281.0,2.3,0.6,1525.0,2633.0
"SONE AT KOELWAR, BIHAR",BIHAR,1075.0,22.6,8.1,8.1,232.0,1.9,0.0,697.0,1533.0
SONE RIVER NEAR BANZARI,BIHAR,3121.0,19.0,8.2,7.6,250.0,2.1,0.0,710.0,1567.0
SONE RIVER AT BAHIYARA,BIHAR,3127.0,23.0,8.3,8.0,252.0,2.2,0.0,483.0,1580.0
SONE RIVER AT NASIRIGANJ DAM,BIHAR,3128.0,23.2,7.7,7.8,298.0,2.2,0.0,848.0,2167.0
"GANDAK AT SONEPUR, PATNA (BEFORE CONFL.),BIHAR",BIHAR,1078.0,22.3,8.6,8.1,238.0,2.0,0.0,581.0,1557.0
"GANDAK AT REWAGHAT, MUJAFFARPUR",BIHAR,2568.0,23.0,8.4,8.1,247.0,1.8,0.0,527.0,1305.0
GANDAK ATSAMASTIPUR ROAD BRIDGE,BIHAR,2570.0,23.2,7.9,8.0,302.0,2.1,0.0,897.0,2317.0
GANDAK RIVER GOPALGANJ - PIPRAKOTHI ROAD BRIDGE (DUMARIA GHAT),BIHAR,3125.0,23.8,8.0,7.4,346.0,2.0,0.0,532.0,1180.0
"SIKRAHNA RIVER AT LAL PARSE, BITTIAH",BIHAR,2575.0,22.4,6.5,7.5,319.0,3.5,0.0,1900.0,5025.0
SIKRANA AT CHANPATIYA,BIHAR,1820.0,23.3,4.2,7.3,418.0,7.1,0.0,2460.0,7640.0
SIKRAHNA RIVER AT LAURIA - HARINAGAR ROAD BRIDGE,BIHAR,3134.0,25.6,4.3,7.1,450.0,30.0,0.0,1690.0,6333.0
"BURHI GANDAK AT AKHARAGHAT, MUZAFFARPUR",BIHAR,2562.0,23.3,8.0,8.0,290.0,2.4,0.0,1350.0,3250.0
HARBORA RIVER AT NARKATIAGANJ,BIHAR,2558.0,24.1,4.4,7.2,370.0,4.7,0.0,1700.0,4450.0
U/S HARBORA RIVER,BIHAR,3126.0,22.1,8.1,8.1,228.0,1.8,0.0,721.0,1257.0
KAMALA RIVER AT BENIPATTI (MADHUBANI),BIHAR,2567.0,18.5,8.6,8.1,338.0,2.1,0.0,500.0,950.0
KAMALA RIVER AT DARBHANGA,BIHAR,2569.0,23.0,7.9,7.8,319.0,2.2,0.0,740.0,1840.0
KAMALA RIVER AT JAYNAGAR,BIHAR,3133.0,18.0,8.8,8.2,340.0,2.0,0.0,500.0,900.0
"MANUSMAR RIVER AT RIGA, SITAMARHI",BIHAR,2563.0,22.3,5.6,7.4,330.0,3.5,0.0,2000.0,5560.0
KOSHI RIVER AT KURSHELA AT KATIHAR,BIHAR,2565.0,24.8,7.0,7.4,184.0,2.0,0.0,670.0,1989.0
KOSHI RIVER AT MADHEPURA,BIHAR,2566.0,23.5,7.1,7.6,211.0,2.0,0.0,900.0,2175.0
KOSHI RIVER AT BEERPUR,BIHAR,3137.0,24.2,7.1,7.4,215.0,2.1,0.0,738.0,1880.0
DAHA AT SIWAM,BIHAR,1821.0,23.7,7.8,7.8,326.0,2.4,0.0,1500.0,2983.0
D/S DAHA RIVER AT SASAMUSA,BIHAR,2560.0,20.9,5.4,7.5,404.0,3.3,0.0,1900.0,5883.0
"DAHA RIVER AT ITWA BRIDGE, SIWAN",BIHAR,2561.0,23.7,7.7,7.8,333.0,2.3,0.0,1200.0,2650.0
DAHA RIVER AT MEERGANJ,BIHAR,3129.0,25.2,4.5,7.2,289.0,5.3,0.0,1182.0,3033.0
DHOUS AT MADHUBANI,BIHAR,1823.0,18.5,7.3,7.8,288.0,2.8,0.0,1400.0,4000.0
FARMAR AT JOGBANI,BIHAR,1824.0,23.3,7.0,7.4,251.0,2.5,0.0,1343.0,3157.0
RAM REKHA RIVER AT HARINAGAR,BIHAR,2559.0,25.6,2.1,6.9,461.0,8.6,0.0,3867.0,14367.0
RAM REKHA RIVER AT U/S HARINAGAR,BIHAR,3130.0,23.5,7.2,7.6,299.0,2.2,0.0,1045.0,2750.0
SIRSA AT RUXOL,BIHAR,1822.0,27.8,2.1,7.2,457.0,11.0,0.0,5000.0,16000.0
BAGMATI RIVER AT MUZAFFARPUR - SITAMARHI ROAD BRIDGE,BIHAR,3132.0,24.5,8.0,7.9,276.0,1.7,0.0,743.0,2333.0
BAGMATI RIVER AT DARBHANGA - SAMASTIPUR ROAD BRIDGE,BIHAR,3135.0,22.6,8.4,7.9,306.0,2.0,0.0,596.0,1400.0
U/S MANUSMAR RIVER (RIGA),BIHAR,3131.0,25.6,6.9,7.9,482.0,1.5,2.8,7384.170353982301,144.0
PUNPUN RIVER NEAR PUNPUN RAIL BRIDGE,BIHAR,3119.0,22.3,7.9,7.8,300.0,2.2,0.0,827.0,2467.0
PUNPUN RIVER NEAR KINZER ROAD BRIDGE,BIHAR,3120.0,21.0,8.0,7.9,289.0,2.1,0.0,600.0,1650.0
SIRSIA RIVER D/S RAXAUL (KOERIA TOLA),BIHAR,3136.0,27.8,2.1,7.3,432.0,9.7,0.0,2850.0,12550.0
"GHAGGAR AT MUBARAKPUR REST HOUSE (PATIALA), PUNJAB",PUNJAB,1023.0,22.7,5.8,7.2,640.0,6.0,4.3,1450.0,4073.0
"GHAGGAR AT 100M D/S CONF. WITH R. SARASWATI (PATIALA),PUNJAB",PUNJAB,1024.0,19.0,4.8,7.6,1090.0,22.0,3.6,30500.0,52500.0
"GHAGGAR NEAR BANKARPUR,DERA BASSI,PUNJAB",PUNJAB,1295.0,23.0,5.5,7.3,705.0,10.0,5.0,2020.0,5433.0
"GHAGGAR AT RATANHERI, D/S OF PATIALA NADI (AFTER CONFL.), PUNJAB",PUNJAB,1473.0,24.0,5.1,7.4,1375.0,23.7,5.9,27333.0,50333.0
"D/S CHHATBIR, PUNJAB",PUNJAB,1698.0,24.7,5.5,7.4,745.0,10.0,6.1,12167.0,29333.0
"U/S DHAKANSU NALLAH, PUNJAB",PUNJAB,1699.0,25.0,5.0,7.6,975.0,16.3,6.1,11167.0,21667.0
"D/S DHAKANSU NALLAH, PUNJAB",PUNJAB,1700.0,22.0,4.9,7.7,1385.0,27.5,7.7,42500.0,72000.0
"D/S JHARMAL NADI, PUNJAB",PUNJAB,1701.0,24.3,5.0,7.3,1067.0,19.3,6.2,21467.0,39533.0
"U/S JHARMAL NADI, PUNJAB",PUNJAB,1702.0,23.3,5.3,7.2,970.0,13.3,5.9,3167.0,7133.0
"GHAGGER AT MOONAK, PUNJAB",PUNJAB,1703.0,19.5,4.9,7.7,1418.0,21.0,4.2,28000.0,49500.0
"D/S SARDULGARH, PUNJAB",PUNJAB,1704.0,21.5,4.1,7.5,1015.0,23.0,6.1,35000.0,57500.0
"U/S SARDULGARH, PUNJAB",PUNJAB,1705.0,20.0,4.8,7.4,854.0,17.0,4.7,20500.0,38000.0
"GAGGAR RIVER WHEN ENTERING IN RAJASTHAN FROM HARYANA NEAR RD NO. 629, RAJASTHAN",RAJASTHAN,1718.0,32.6,4.0,6.8,370.0,3.0,0.8,4.0,9.0
"RIVER MARKANDA AT PAONTA, DISTT. SIRMOUR, H.P.",HIMACHAL PRADESH,1871.0,23.6,7.8,7.8,376.0,1.3,0.4,9.0,17.0
MARKANDA U/S KALA AMB,HIMACHAL PRADESH,2624.0,23.9,7.7,7.7,354.0,1.3,0.3,12.0,22.0
MARKANDA D/S KALA AMB/ BOUNDARY OF HARYANA,HIMACHAL PRADESH,2625.0,24.5,7.6,7.9,344.0,1.6,0.4,12.0,22.0
"RIVER JAWAI AT JAWAI DAM, SIROHI, RAJASTHAN",RAJASTHAN,2947.0,25.1,5.9,8.0,401.0,0.9,0.7,4.0,15.0
"KODRA DAM, MOUNT ABU, RAJASTHAN",RAJASTHAN,1717.0,22.3,6.0,7.2,106.0,0.8,0.4,4.0,15.0
"RIVER BANDI AT HEMAWAS DAM, PALI, RAJASTHAN",RAJASTHAN,2948.0,23.7,5.6,7.9,326.0,1.1,0.8,4.0,4.0
"RIVER LUNI AT RANAKPUR DAM, RANAKPUR, PALI, RAJASTHAN",RAJASTHAN,2949.0,23.9,6.2,8.1,592.0,1.0,0.7,4.0,6.0
"AMBA RIVER AT D/S OF WAKEN BRIDGE-U/S OF JS PETROCHEMICALS, WAKENPHATA, ROHA",MAHARASHTRA,2651.0,25.1,6.6,7.8,95.0,4.9,0.2,16.0,36.0
"BHATSA AT D/S OF PISE DAM NEAR PISE VILLAGE (ULHAS), MAHARASHTRA",MAHARASHTRA,1461.0,29.6,6.9,7.9,99.0,5.0,0.4,15.0,34.0
"BHATSA RIVER AT D/S OF LIBERTY OIL MILLS, SATNEL, SHAHAPUR, THANE",MAHARASHTRA,2653.0,27.4,6.8,7.7,85.0,5.2,0.3,11.0,23.0
"BHATSA RIVER AT U/S OF LIBERTY OIL MILLS, SATNEL, SHAHAPUR, THANE",MAHARASHTRA,2654.0,27.8,6.7,7.8,80.0,4.9,0.3,12.0,29.0
"KALU AT ATALE VILLAGE, MAHARASHTRA",MAHARASHTRA,1092.0,30.6,5.1,7.3,3937.0,10.3,1.8,31.0,83.0
"KAN RIVER, NEAR SAKRI WATER WORKS, SAKRI, DHULE.",MAHARASHTRA,2670.0,25.0,5.6,7.9,468.0,3.6,1.9,66.0,164.0
"KUNDALIKA AT ROHA CITY, MAHARASHTRA",MAHARASHTRA,1152.0,25.0,6.4,7.6,541.0,5.7,0.6,23.0,45.0
"KUNDALIKA RIVER AT DHATAV AT JACKWELL (DRINKING WATER  PUMPING STATION-SWEET ZONE), ROHA",MAHARASHTRA,2672.0,25.1,6.7,7.6,83.0,4.8,0.2,28.0,76.0
"MUCHKUNDI RIVER AT  WAKED,RATNAGIRI, NEAR M/S ASAHI INDIA GLASS LTD., LANJA, RATNAGIRI.",MAHARASHTRA,2676.0,21.4,7.2,7.7,226.0,3.1,0.8,7384.170353982301,130.0
"PATALGANGA AT SHILPHATA, MAHARASHTRA",MAHARASHTRA,1151.0,27.4,5.9,7.4,268.0,6.4,0.4,37.0,68.0
"PATALGANGA NEAR INTAKE OF MIDC W/W, MAHARASHTRA",MAHARASHTRA,1462.0,27.1,5.4,7.5,2413.0,7.4,1.5,59.0,116.0
"PATALGANGA RIVER AT D/S OF KHARPADA BRIDGE, RAIGAD.",MAHARASHTRA,2685.0,27.2,5.8,7.3,384.0,5.4,0.6,37.0,78.0
"PATALGANGA RIVER AT VYAL PUMP HOUSE , KHALAPUR, RAIGAD.",MAHARASHTRA,2686.0,27.3,5.9,7.4,269.0,5.1,1.2,34.0,60.0
"PATALGANGA RIVER AT KHALAPUR PUMPING STATION, KHALAPUR, RAIGAD.",MAHARASHTRA,2687.0,27.0,6.0,7.3,269.0,8.5,0.4,32.0,58.0
"PATALGANGA RIVER AT SAVROLI BRIDGE, KHALAPUR, RAIGAD.",MAHARASHTRA,2688.0,27.2,6.1,7.3,196.0,6.1,0.5,30.0,63.0
"PATALGANGA RIVER AT GAGANGIRI MAHARAJ TEMPLE, KHOPOLI, RAIGAD.",MAHARASHTRA,2689.0,27.0,5.9,7.4,269.0,6.4,0.4,19.0,47.0
"PEHLAR DAM ON PEHLAR RIVER INLET OF WATER WORKS, VASAI, THANE.",MAHARASHTRA,2696.0,22.6,6.3,7.8,223.0,4.6,0.9,15.0,32.0
"SAVITRI RIVER JACKWELL AT UPSA KENDRE, NANGALWADI, MAHAD, RAIGAD",MAHARASHTRA,2701.0,28.0,6.8,7.2,170.0,3.1,1.4,7384.170353982301,124396.96767676767
"SAVITRI RIVER AT SHEDAV DOH, MAHAD,RAIGAD",MAHARASHTRA,2702.0,27.6,6.8,7.3,4175.0,3.3,1.6,7384.170353982301,124396.96767676767
"SAVITRI RIVER AT DADLI BRIDGE, DADLI, MAHAD, RAIGADH",MAHARASHTRA,2703.0,27.9,6.9,7.3,4282.0,3.3,1.6,7384.170353982301,124396.96767676767
"SAVITRI RIVER AT MUTHAVALI VILLAGE, MAHAD, RAIGADH",MAHARASHTRA,2704.0,28.1,6.9,7.3,5551.0,3.4,1.7,7384.170353982301,124396.96767676767
"SURYA RIVER, U/S OF SURYA DAM, DHAMMI, VIKRAMGAD, THANE",MAHARASHTRA,2706.0,27.1,6.8,7.9,5390.0,4.9,0.8,15.0,28.0
"SURYA RIVER AT MIDC PUMPING STATION, GARVASHET, PALGHAR, THANE",MAHARASHTRA,2707.0,27.6,6.6,8.1,161.0,4.6,0.3,16.0,32.0
"SURYA RIVER AT INTAKE OF VASAI-VIRAR W/S SCHEME, MASVAN, PALGHAR, THANE",MAHARASHTRA,2708.0,27.3,6.7,8.0,138.0,5.0,0.3,14.0,33.0
"TANSA RIVER NEAR ROAD BRIDGE, VILLAGE DAKEWALI, WADA, THANE",MAHARASHTRA,2709.0,27.8,6.7,7.8,81.0,4.9,0.3,14.0,35.0
"ULHAS AT U/S OF NRC BUND AT MOHANE, MAHARASHTRA",MAHARASHTRA,1093.0,28.0,5.9,7.7,194.0,5.5,0.6,22.0,51.0
"ULHAS AT U/S OF BADLAPUR, MAHARASHTRA",MAHARASHTRA,1094.0,28.1,6.3,7.6,186.0,4.6,0.6,13.0,31.0
ULHAS RIVER ATJAMBHUL WATER WORKS.,MAHARASHTRA,2162.0,28.6,6.6,7.6,207.0,4.7,0.7,12.0,31.0
"VAITARNA RIVER NEAR ROAD BRIDGE, GANDHARE VILLAGE, WADA, THANE.",MAHARASHTRA,2712.0,26.9,6.8,7.7,85.0,5.0,0.4,15.0,34.0
VASHISTI RIVER AT U/S OF THREE M PAPER MILLS NEAR M/S MULTIFILMS PLASTIC PVT. LTD. AT KHERDI.,MAHARASHTRA,2164.0,23.0,7.1,7.4,176.0,2.7,0.9,7384.170353982301,30.0
"VASHISHTI RIVER AT D/S OF THREE M PAPER MILLS NEAR CHIPLUN WATER INTAKE JACKWELL, KHERDI, RATNAGIRI",MAHARASHTRA,2713.0,23.0,7.0,7.4,178.0,2.7,0.9,7384.170353982301,40.0
"VASHISHTI RIVER AT U/S OF POPHALI NEAR KONPHANSAWANE BRIDGE, CHIPLUN, RATNAGIRI",MAHARASHTRA,2714.0,23.0,7.2,7.2,180.0,2.7,1.0,7384.170353982301,70.0
"PANCHAGANGA AT ICHALKARANJI, MAHARASHTRA",MAHARASHTRA,1311.0,23.8,6.8,7.4,388.0,2.9,1.5,7384.170353982301,70.0
PANCHAGANGA RIVER AT SHIROL NEAR SHIROL INTAKE WELL.,MAHARASHTRA,2163.0,24.6,6.4,7.3,467.0,3.0,1.3,7384.170353982301,70.0
PANCHAGANGA U/S OF KOLHAPUR TOWN,MAHARASHTRA,1904.0,24.0,7.0,7.3,360.0,2.9,1.1,7384.170353982301,90.0
PANCHAGANGA D/S OF KOLHAPUR TOWN,MAHARASHTRA,1905.0,24.4,6.7,7.5,390.0,2.9,1.3,7384.170353982301,140.0
"BHIMA AT PUNE U/S VITHALWADI, MAHARASHTRA",MAHARASHTRA,1189.0,26.3,3.7,7.9,453.0,7.5,2.2,202.0,1468.0
"BHIMA RIVER AT KOREGAON NEAR KOREGAON BRIDGE, SHIRUR, PUNE",MAHARASHTRA,2655.0,24.4,5.8,8.1,523.0,5.7,2.1,164.0,1529.0
"BHIMA RIVER-BACKWATER OF UJANI DAM NEAR RAW WATER PUMP HOUSE, KUMBARGAON, INDAPUR, PUNE",MAHARASHTRA,2656.0,28.5,5.9,7.9,524.0,11.1,3.0,52.0,609.0
"BHIMA AT PUNE, D/S OF BUNDGARDEN,MAHARASHTRA",MAHARASHTRA,1190.0,27.1,3.3,7.7,424.0,13.7,3.1,386.0,1800.0
BHIMA AT PARGAON (AFTER CONFL.WITH MULE MARTHA) MAHARASHTRA.,MAHARASHTRA,1191.0,27.3,5.3,8.0,720.0,7.2,2.9,209.0,1700.0
"BHIMA AFTER CONF. WITH DAUNT, MAHARASHTRA",MAHARASHTRA,1192.0,27.5,5.4,8.0,755.0,7.2,3.2,187.0,1675.0
"BHIMA AT NARSINGHPUR,(D/S AF.CONFL.WITH R.NIRA),MAHARASHTRA",MAHARASHTRA,1188.0,29.5,6.4,8.2,991.0,5.3,2.0,251.0,1425.0
"BHIMA AT TAKLI, MAHARASHTRA",MAHARASHTRA,28.0,29.1,6.2,8.2,1010.0,5.1,2.3,164.0,1529.0
"BHIMA AT D/S OF ROAD BRIDGE AT GANGAPUR VILLAGE,KARNATAKA",KARNATAKA,1183.0,27.3,6.8,8.4,949.0,3.8,0.3,1483.0,1600.0
"BHIMA AT D/S OF BDG. NEAR YADGIR,KARNATAKA",KARNATAKA,1167.0,29.6,7.6,8.1,834.0,2.1,0.2,1183.0,1600.0
BHIMA RIVER AT CONFLUENCE OF JEWARGI TOWN SEWAGE DISPOSAL POINT,KARNATAKA,1888.0,29.2,6.4,8.4,874.0,3.0,0.3,1033.0,1483.0
"ZUARI AT D/S OF PT. WHERE KUMBARJRIA CANAL JOINS, GOA",GOA,1399.0,29.8,5.7,7.2,189.0,2.0,0.2,4953.0,8391.0
ZUARI AT PANCHAWADI,GOA,1475.0,29.5,6.3,6.9,179.0,1.7,0.1,3243.0,5330.0
RIVER ZUARI AT BORIM BRIDGE,GOA,3181.0,29.7,5.8,6.9,64.0,3.8,0.5,5382.0,8443.0
RIVER ZUARI AT MARCAIM JETTY,GOA,3182.0,29.5,5.8,7.3,83.0,1.9,0.4,3428.0,5500.0
"MANDOVI AT NEGHBOURHOOD OF PANAJI, GOA",GOA,1400.0,30.0,5.5,7.4,81.0,1.5,0.1,2853.0,4049.0
"MANDOVI AT TONCA, MARCELA, GOA",GOA,1476.0,29.2,6.1,6.7,308.0,1.4,0.3,3355.0,5672.0
RIVER MANDOVI AT AMONA BRIDGE,GOA,3185.0,29.6,6.4,6.7,414.0,1.0,0.2,6073.0,9423.0
RIVER MANDOVI AT IFFI JETTY,GOA,3186.0,30.0,6.4,7.6,305.0,2.2,0.1,3478.0,4990.0
RIVER MANDOVI NEAR HOTEL MARRIOT,GOA,3187.0,30.1,6.3,7.6,77.0,2.3,0.1,2606.0,4301.0
"RIVER KALNA AT CHANDEL- PERNEM, GOA",GOA,1543.0,27.8,7.1,7.1,176.0,1.2,0.1,4573.0,7817.0
"RIVER ASSONORA AT ASSONORA, GOA",GOA,1548.0,27.9,6.7,6.4,93.0,1.4,0.1,2147.0,3433.0
"RIVER BICHOLIM VARAZAN NAGAR , BICHOLIM",GOA,2276.0,29.3,7.4,6.8,121.0,1.7,0.4,11633.0,18125.0
"RIVER CHAPORA NEAR ALORNA FORT ,PERNEM",GOA,2275.0,29.2,6.9,7.0,620.0,1.1,0.1,3500.0,6300.0
RIVER CHAPORA AT SIOLIM,GOA,3189.0,30.0,6.0,7.5,72.0,1.6,0.2,4995.0,9517.0
"RIVER KHANDEPAR AT OPA - PONDA, GOA",GOA,1546.0,29.0,7.3,7.0,247.0,1.5,0.2,1095.0,2453.0
"RIVER KHANDEPAR AT CODLI NEAR BRIDGE ,U/S OPA WATERWORKS,SANGUEM",GOA,2270.0,29.1,7.3,7.0,188.0,1.0,0.1,1286.0,3048.0
"RIVER KUSHAWATI NEAR BUND AT KEVONA,RIVON,SANGUEM",GOA,2272.0,28.7,7.0,6.9,224.0,1.2,0.3,3896.0,6742.0
"RIVER MADAI AT DABOS -  VALPOI, GOA",GOA,1545.0,28.7,7.3,6.7,144.0,1.5,0.1,1940.0,3052.0
RIVER MAPUSA ON CULVERT ON HIGHWAY MAPUSA-PANAJI,GOA,2274.0,29.5,5.3,6.8,319.0,1.8,0.3,6458.0,10250.0
"RIVER SAL PAZORKHONI,CUNCOLIM(NEAR CULVERT MARGAO- CANACONA NATIONAL HIGHWAY)",GOA,2271.0,29.0,6.3,6.4,79.0,1.6,1.4,7592.0,12842.0
"RIVER SAL NEAR HOTEL LEELA MOBOR,CAVELOSSIM",GOA,2273.0,29.4,5.4,7.6,39.0,1.4,0.1,3176.0,6367.0
"RIVER SAL AT KHAREBAND, MARGAO",GOA,3183.0,28.3,2.2,6.5,322.0,4.7,1.2,11210.0,14920.0
"RIVER SAL AT ORLIM BRIDGE, ORLIM",GOA,3184.0,30.1,5.2,7.1,192.0,2.6,0.3,5073.0,8925.0
RIVER SINQUERIM (CANDOLIM SIDE NEAR BRIDGE),GOA,3190.0,30.3,5.6,7.5,282.0,1.8,0.1,3205.0,5082.0
RIVER SINQUERIM NEAR NERUL TEMPLE,GOA,3191.0,30.5,5.5,7.4,275.0,1.5,0.1,4698.0,8625.0
"RIVER TALPONA AT CANACONA, GOA",GOA,1547.0,29.1,7.3,6.7,55.0,1.4,0.1,2638.0,4003.0
RIVER TIRACOL AT TIRACOL,GOA,3188.0,30.1,6.5,7.5,415.0,2.0,0.1,864.0,1538.0
"RIVER VALVANT AT SANKLI - BICHOLIM, GOA",GOA,1544.0,29.2,7.2,6.3,100.0,1.5,0.1,7942.0,13575.0
"INDRAVATI RIVER A/C DANTEWADA RIVER, NELSONNAR, DANTEWADA.",CHHATTISGARH,1854.0,24.5,7.6,7.5,684.9761904761905,1.4,0.0,7384.170353982301,5.0
SHANKNI RIVER A/C DANKANI RIVER DANTEWADA.,CHHATTISGARH,1856.0,25.0,7.4,7.5,684.9761904761905,1.7,0.0,7384.170353982301,9.0
"MANJRA RIVER AT D/S OF LATUR, NEAR LATUR- NANDED BRIDGE AT BHATKHEDA, LATUR.",MAHARASHTRA,2673.0,26.3,6.6,7.9,1610.0,4.7,0.4,2.0,107.0
RIVER MANJEERA AT GOWDICHARLA B/C WITH NAKKAVAGU,ANDHRA PRADESH,2374.0,29.1,5.8,8.2,498.0,1.3,2.0,13.0,102.0
RIVER MANJEERA AT GOWDICHARLA A/C WITH NAKKAVAGU,ANDHRA PRADESH,2375.0,29.6,5.2,8.2,555.0,1.6,2.9,19.0,158.0
"MANJEERA RIVER - NEAR GANAPATHI SUGARS , MEDAK DIST., A.P",ANDHRA PRADESH,1781.0,28.5,6.3,8.4,451.0,0.8,0.9,9.0,90.0
"MANJERA AT RAIPALLU, A.P.",ANDHRA PRADESH,1157.0,28.3,6.6,8.4,427.0,1.0,1.0,9.0,82.0
MANJRA AT D/S IN INTAKE POINT TO BIDAR CITY,KARNATAKA,1891.0,27.9,7.0,7.8,543.0,2.3,1.3,786.0,1400.0
"MANER AT WARANGAL U/S, A.P.",ANDHRA PRADESH,1215.0,17.4,5.1,7.9,400.0,10.9,0.0,7384.170353982301,124396.96767676767
"MANER AT SOMNAPALLI, A.P.",ANDHRA PRADESH,1158.0,27.0,6.0,8.3,430.0,8.0,0.0,7384.170353982301,124396.96767676767
"WARDHA RIVER AT D/S OF ERAI RIVER, HADASTI, CHANDRAPUR.",MAHARASHTRA,2719.0,26.1,5.1,8.1,369.0,11.3,1.1,140.0,220.0
"WARDHA RIVER AT U/S OF ERAI RIVER, HADASTI, CHANDRAPUR.",MAHARASHTRA,2720.0,24.9,6.0,8.2,403.0,8.9,1.0,90.0,130.0
"WARDHA RIVER AT U/S OF ACC GHUGGUS, CHANDRAPUR.",MAHARASHTRA,2721.0,23.9,6.2,8.2,458.0,8.9,2.2,110.0,140.0
WARDHA RIVER D/S OF ACC GHUGGUS.,MAHARASHTRA,2174.0,23.4,5.1,8.2,577.0,10.7,2.3,110.0,140.0
WARDHA RIVER AT CONFLUENCE POINT OF PENGANGA & WARDHA AT JUAD.,MAHARASHTRA,2156.0,24.4,5.4,8.1,678.0,10.6,2.7,50.0,80.0
"WARDHA AT RAJURA BRIDGE, MAHARASHTRA",MAHARASHTRA,1212.0,23.7,5.7,8.2,498.0,8.9,2.1,40.0,70.0
"WAINGANGA AT BALAGHAT, M.P.",MADHYA PRADESH,1213.0,22.7,7.4,7.4,450.0,2.2,0.4,39.0,67.0
"WAINGANGA AT CHINDWARA, M.P.",MADHYA PRADESH,1214.0,21.4,7.3,8.0,386.0,2.3,1.0,15.0,95.0
"WAINGANGA AT CHHAPARA, NEAR W/S INTAKE POINT, JABALPUR",MADHYA PRADESH,3330.0,23.0,7.7,8.1,292.0,1.5,4.8,0.0,36.0
WAINGANGA AFTER CONLUENCE WITH KANHAN,MAHARASHTRA,1910.0,33.3,4.8,8.3,482.0,10.8,6.0,170.0,277.0
WAINGANGA RIVER U/S OF ELLORA PAPER MILL.,MAHARASHTRA,2173.0,28.1,5.9,8.1,341.0,9.1,1.2,82.0,132.0
WAINGANGA RIVER D/S OF ELLORA PAPER MILL.,MAHARASHTRA,2172.0,27.3,5.3,8.2,273.0,9.6,1.7,98.0,180.0
"WAINGANGA U/S OF GAURAV PAPER MILLS, NEAR JACKWELL.",MAHARASHTRA,2175.0,25.1,6.2,8.2,393.0,9.1,2.4,110.0,170.0
"WAINGANGA D/S OF GAURAV PAPER MILLS, NEAR JACKWELL.",MAHARASHTRA,2176.0,24.3,5.3,8.2,388.0,10.6,1.2,140.0,240.0
"WAINGANGA AT ASHTI, MAHARASHTRA",MAHARASHTRA,11.0,24.1,5.7,8.2,366.0,8.6,0.9,170.0,280.0
KOLAR BEFORE CONFLUENCE TO KANHAN AT KAMPTEE,MAHARASHTRA,1908.0,24.1,5.5,8.2,607.0,10.4,2.9,114.0,193.0
"KANHAN AT CHINDWARA BEFORE MIXING BOREGAON GROWTH CENTRE NALLA, JABALPUR",MADHYA PRADESH,3312.0,23.7,7.4,7.7,403.0,2.1,0.3,39.0,127.0
KANHAN D/S OF NAGPUR,MAHARASHTRA,1909.0,33.8,4.8,8.2,477.0,10.5,6.7,131.0,221.0
"KANHAN RIVER U/S OF M/S VIDHARBHA PAPER MILL, SINORA.",MAHARASHTRA,2170.0,24.4,5.5,8.2,534.0,10.1,2.7,103.0,157.0
"KANHAN RIVER D/S OF M/S VIDHARBHA PAPER MILL, SINORA.",MAHARASHTRA,2171.0,24.9,5.1,8.2,523.0,11.1,2.7,140.0,222.0
"PURNA RIVER NEAR ACHALPUR-AMRAVATI ROAD BRIDGE, ASEGAON, CHANDUR BAZAR, AMRAVATI",MAHARASHTRA,2700.0,23.2,4.2,8.4,685.0,13.0,8.4,363.0,420.0
"NIRA AT PULGAON COTTON MILL, WARDHA, MAHARASHTRA",MAHARASHTRA,1315.0,31.6,5.1,8.3,435.0,9.7,2.5,152.0,231.0
"KINNERASANI A/C OF KTPS ASH POND EFFLUENTS, KHAMMAM",ANDHRA PRADESH,2372.0,21.6,6.9,7.5,469.0,0.8,0.5,2.0,1100.0
"SABARI AT KUNAVARAM, KHAMMAM",ANDHRA PRADESH,2373.0,21.0,7.6,7.6,207.0,5.339772727272726,0.0,2.0,400.0
"BINDUSARA RIVER AT BEED NEAR INTAKE WATER PUMP HOUSE AT DAM, PALIGAON, BEED",MAHARASHTRA,2657.0,27.6,6.5,7.7,1127.0,5.7,0.3,3.0,108.0
"DARNA RIVER AT CHEHEDI PUMPING STATION, NASHIK.",MAHARASHTRA,2660.0,22.1,5.2,7.9,306.0,4.5,2.2,47.0,136.0
"DARNA RIVER AT ASWALI ( DARNA DAM), IGATPURI, NASHIK",MAHARASHTRA,2661.0,21.6,4.7,7.9,262.0,3.4,1.2,33.0,106.0
"DARNA RIVER AT MES SITE PUMPING STATION, BHAGUR, NASHIK.",MAHARASHTRA,2662.0,21.9,5.5,8.0,247.0,3.7,1.1,39.0,104.0
"DARNA RIVER AT BHAGUR PUMPING STATION NEAR PANDHURLI BRIDGE, BHAGUR, NASHIK.",MAHARASHTRA,2663.0,22.7,5.4,8.1,244.0,3.6,1.0,44.0,117.0
"DARNA RIVER AT SANSARI, NASHIK.",MAHARASHTRA,2664.0,21.3,4.9,7.9,272.0,3.4,0.6,59.0,155.0
"PENGANGA RIVER NEAR WATER SUPPLY SCHEME OF UMARKHED MC BELKHED, UMARKHED, YAVATMAL",MAHARASHTRA,2697.0,25.0,5.8,8.3,506.0,8.5,2.6,14.0,34.0
"PENGANGA RIVER D/S OF ISAPUR DAM, ISAPUR, PUSAD, YAVATMAL",MAHARASHTRA,2698.0,24.6,5.1,8.3,534.0,9.5,3.2,26.0,50.0
"WENA RIVER  AT U/S OF MOHATA MILLS, NEAR RAILWAY BRIDGE, HINGANGHAT",MAHARASHTRA,2722.0,31.2,5.2,8.3,432.0,9.8,2.3,113.0,186.0
"WENA RIVER AT D/S OF MOHATA MILLS, NR RD BRG ON HINGANGHAT-WADNER ROAD",MAHARASHTRA,2723.0,31.1,4.7,8.2,432.0,11.2,2.3,150.0,246.0
"GHATPRABHA AT D/S OF MUDHOL RD. CROSS BDG., KARNATAKA",KARNATAKA,1185.0,28.9,7.0,8.0,736.0,1.5,4.9,700.0,1250.0
"GHATPRABHA AT W.A. POINT TO GOKAK TOWN,KARNATAKA",KARNATAKA,1163.0,27.5,7.1,7.9,447.0,1.5,1.0,558.0,1040.0
"MALPRABHA AT D/S OF KHANAPUR VILLAGE,KARNATAKA",KARNATAKA,1187.0,27.5,6.8,7.4,237.0,4.5,0.2,796.0,1460.0
"MALPRABHA AT WATER ABSTR. PT. TO HUBLI,DHARWAR,KARNATAKA",KARNATAKA,1164.0,28.5,6.6,7.7,371.0,1.2,0.6,620.0,1080.0
"MALPRABHA AT D/S OF AIHOLE TOWN, KARNATAKA",KARNATAKA,1186.0,28.5,6.9,8.0,1004.0,3.3,2.1,740.0,1390.0
"MALPRABHA AT BADAMI BRIDGE, KARNATAKA",KARNATAKA,2764.0,27.0,7.1,7.9,1017.0,4.0,1.5,732.0,1350.0
"TUNGHABHADRA AT HONNALI BRIDGE, KARNATAKA",KARNATAKA,38.0,25.8,7.2,7.9,286.0,2.4,0.1,71.0,157.0
"TUNGHABHADRA AT HARALAHALLI BRIDGE, KARNATAKA",KARNATAKA,1029.0,26.1,7.0,8.0,415.0,2.9,0.3,93.0,191.0
"TUNGHABHADRA AT ULLANUR, KARNATAKA",KARNATAKA,29.0,29.9,7.2,7.9,613.0,1.9,0.2,927.0,1542.0
"TUNGABHADRA AT D/S OF HPF, KARNATAKA",KARNATAKA,2768.0,27.0,6.5,7.9,536.0,6.0,0.4,179.0,386.0
"TUNGABHADRA AT JACKWELL POINT, KARNATAKA",KARNATAKA,2769.0,26.9,6.5,7.9,398.0,4.0,0.2,143.0,288.0
"TUNGABHADRA AT HARIHAR WATER SUPPLY INTAKE, KARNATAKA",KARNATAKA,2770.0,26.5,6.7,8.0,383.0,3.6,0.2,129.0,279.0
"TUNGABHADRA AT D/S OF GANGAWATHI, KARNATAKA",KARNATAKA,2776.0,29.8,7.2,8.1,448.0,1.9,0.2,808.0,1425.0
"TUNGABHADRA AT NEW BRIDGE, KARNATAKA",KARNATAKA,2766.0,26.1,7.2,7.9,313.0,2.7,0.1,69.0,152.0
"TUNGABHADRA AT U/S OF HPF, KARNATAKA",KARNATAKA,2767.0,26.2,7.2,7.9,290.0,2.9,0.1,55.0,133.0
"TUNGHABHADRA AT KURNOOL U/S, BAVAPURAM, A.P.",ANDHRA PRADESH,1174.0,27.7,7.1,8.1,956.0,2.2,2.5,18.0,544.0
"TUNGHABHADRA AT MANTHRALAYAM , KURNOOL DIST., A.P",ANDHRA PRADESH,1785.0,27.0,6.9,8.2,999.0,3.0,3.1,23.0,620.0
"TUNGHA AT D/S OF SHIMOGA TOWN, KARNATAKA",KARNATAKA,1168.0,27.6,6.0,7.8,166.0,3.5,0.2,273.0,734.0
CONFLUENCE POINT OF TUNGA AND BHADRA AT KUDLI,KARNATAKA,1896.0,28.5,6.4,8.0,219.0,3.3,0.3,150.0,291.0
"BHADRA AT D/S OF BHADRAVATHI, KARNATAKA",KARNATAKA,1387.0,29.5,5.8,7.7,245.0,4.2,0.2,867.0,1542.0
"BHADRA AT D/S OF KIOCL ROAD BRIDGE, NEAR HOLEHUNNUR,KARNATAKA",KARNATAKA,1169.0,28.8,6.0,7.8,226.0,3.3,0.2,145.0,302.0
"BHADRA AT U/S OF MPM, KARNATAKA",KARNATAKA,2765.0,29.6,6.5,8.0,154.0,2.0,0.2,58.0,130.0
"BHADRA AT U/S OF KIOCL, KARNATAKA",KARNATAKA,2771.0,21.5,5.5,7.4,185.0,1.0,0.1,532.0,2064.0
"MUSI U/S AT HYDERABAD, A.P.",ANDHRA PRADESH,1172.0,17.0,6.0,8.0,416.0,4.3,0.0,7384.170353982301,124396.96767676767
"RIVER MUSI RESERVOIR AT KASANIGUDA,  NALGONDA, A.P.",ANDHRA PRADESH,3082.0,28.6,5.4,8.2,1062.0,2.1,2.6,21.0,67.0
"PALLERU BEFORE CONFL. WITH KRISHNA, JAGGAYYAPET, A.P.",ANDHRA PRADESH,1178.0,25.5,6.9,8.0,838.0,0.9,0.6,2.0,1450.0
"MUNERU BEFORE CONFL. WITH KRISHNA, NANDIGAMA, A.P.",ANDHRA PRADESH,1177.0,24.0,6.6,8.3,905.0,0.7,0.5,2.0,1400.0
KAGINA D/S OF SEWAGE DISPOSAL POINT,KARNATAKA,1895.0,29.1,6.9,8.3,596.0,2.6,0.3,842.0,1425.0
"KAGINA AT SHAHABAD BRIDGE, KARNATAKA",KARNATAKA,2777.0,29.0,6.8,8.4,575.0,2.6,0.4,696.0,1483.0
"RIVER KUNDU, NANDYAL, NEAR OVER BDG., KURNOOL",ANDHRA PRADESH,2351.0,27.0,6.8,7.8,648.0,3.6,5.0,14.0,554.0
"ASANGI NALLA AT ASANGI VILLAGE, KARNATAKA",KARNATAKA,2763.0,27.3,7.0,8.1,734.0,1.3,0.9,820.0,1460.0
"SALAULIM LAKE AT SALAULIM - SANGUEM, GOA",GOA,1549.0,31.6,7.3,7.2,46.0,1.2,1.23,108.0,413.0
"MAYEM LAKE, BICHOLIM",GOA,2269.0,30.8,7.1,6.7,48.0,1.4,0.26,7453.0,12640.0
ANJUNEM LAKE,GOA,3175.0,30.2,7.4,6.9,80.0,0.8,0.0,160.0,329.0
RUMDER LAKE,GOA,3176.0,29.7,4.1,6.7,141.0,2.0,1.0,4428.0,7894.0
CARAMBOLIM LAKE,GOA,3177.0,29.1,2.7,6.4,137.0,2.2,0.77,3207.0,4719.0
RAIA LAKE,GOA,3178.0,31.6,5.9,6.6,110.0,2.7,1.0,1666.0,12638.0
CURTORIM LAKE,GOA,3180.0,31.6,4.9,6.5,148.0,2.8,1.05,2864.0,4218.0
CITY LAKE OF NADIAD,GUJARAT,1977.0,26.7,7.15,7.8,1371.0,14.0,0.0,7384.170353982301,124396.96767676767
AHMEDABAD,GUJARAT,1343.0,27.6,6.5,8.6,649.0,21.8,4.0,5064.0,2487.0
AHMEDABAD,GUJARAT,1344.0,29.5,7.03,8.1,320.0,29.5,3.23,783.0,12400.0
"AJWAH LAKE AT SARI SAYAJI SABVAR, BARODA",GUJARAT,1345.0,28.0,7.8,8.0,2225.0,5.5,2.0,2568.0,2448.0
"NALSAROVAR LAKE (SANAND), DIST AHMEDABAD",GUJARAT,1972.0,27.8,7.2,7.7,1448.0,16.3,6.0,7384.170353982301,664.0
"BINDUSAROVAR, SIDDHPUR (DIST PATAN)",GUJARAT,1973.0,25.0,7.3,8.5,169.0,1.0,1.0,7384.170353982301,124396.96767676767
SAHASTRALING SAROVAR - PATAN,GUJARAT,1974.0,26.0,7.1,8.5,2440.0,1.0,1.0,7384.170353982301,124396.96767676767
HAMISAR TALAV,GUJARAT,3199.0,28.0,5.5,8.4,684.9761904761905,1.0,0.0,7384.170353982301,124396.96767676767
LAKHOTA TALAV,GUJARAT,1975.0,28.3,6.8,8.0,1870.0,13.0,1.0,4.0,29.0
NARSINHMEHTA TALAV,GUJARAT,1976.0,28.5,7.1,7.5,2100.0,21.0,1.0,4.0,95.0
RANJITNAGAR TALAV,GUJARAT,1978.0,29.0,5.7,7.6,2980.0,11.0,6.78,7384.170353982301,124396.96767676767
MAHI AT SHERKHI BRIDGE,GUJARAT,3206.0,25.241398865784515,4.2,8.7,684.9761904761905,0.3,0.0,7384.170353982301,124396.96767676767
MALAV TALAV,GUJARAT,3201.0,27.0,3.2,8.4,684.9761904761905,1.0,0.0,7384.170353982301,124396.96767676767
VHERAIMATA TALAV,GUJARAT,3202.0,26.0,3.4,8.4,684.9761904761905,1.0,0.0,7384.170353982301,124396.96767676767
DHUDHIA TALAV,GUJARAT,2079.0,25.3,4.7,7.8,684.9761904761905,21.0,0.0,7384.170353982301,250.0
"MOTICHER LAKE NEAR KAKAARPAR ATOMIC POWER STATION, DIST SURAT",GUJARAT,2077.0,28.4,3.5,8.1,684.9761904761905,9.5,0.0,7384.170353982301,313.0
"KUWADAVA LAKE,VILL KUWADAVA,DIST.RAJKOT",GUJARAT,2078.0,26.0,5.0,7.6,684.9761904761905,8.0,0.0,7384.170353982301,200.0
"GOMTI LAKE,OPP,RANCHODAJI TEMPLE,DAKOR,KHEDA",GUJARAT,3198.0,28.0,4.4,8.0,684.9761904761905,1.7,0.0,7384.170353982301,124396.96767676767
"OLPAD, VILLAGE POND OLPAD, SURAT",GUJARAT,1979.0,29.0,5.9,7.8,1453.0,7.3,6.45,30.0,7.0
THOL TANK (KALOL) (DIST MEHSANA),GUJARAT,1971.0,27.8,2.4,8.0,351.0,6.6,6.22,24.0,959.0
"UPPER LAKE AT BHOPAL (INTAKE POINT), M.P.",MADHYA PRADESH,1373.0,26.0,8.3,8.3,270.0,2.1,3.0,4.0,87.0
LOWER LAKE AT BHOPAL OUTLET M.P.,MADHYA PRADESH,1374.0,25.7,9.1,8.0,461.0,5.5,1.06,7.0,363.0
KHANDARI RESERVOIR WATER OFF TAKE POINT,MADHYA PRADESH,2128.0,22.0,7.6,7.5,408.0,2.0,1.92,7.0,55.0
PERIAT TANK JABALPUR,MADHYA PRADESH,2129.0,22.0,6.8,7.5,428.0,2.1,2.0,13.0,82.0
GOVINDGARH TANK,MADHYA PRADESH,2135.0,29.2,7.5,7.4,59.0,3.1,5.0,26.0,364.0
UPPER LAKE AT YATCH CLUB,MADHYA PRADESH,2137.0,26.1,8.2,8.3,263.0,2.3,3.0,4.0,97.0
UPPER LAKE AT KARBALA CLUB,MADHYA PRADESH,2138.0,26.8,8.2,8.2,277.0,2.2,2.0,4.0,88.0
UPPER LAKE AT BAIRAGARH CLUB,MADHYA PRADESH,2139.0,25.4,7.1,8.1,273.0,2.2,4.0,4.0,94.0
"KERWA DAM NEAR REST HOUSE, BPL",MADHYA PRADESH,2140.0,26.7,7.3,7.9,301.0,1.8,6.66,3.0,93.0
HANUMANTAL JABALPUR,MADHYA PRADESH,3299.0,22.3,7.3,7.9,502.0,7.6,2.0,12.0,121.0
"RANITAL TALAB, JABALPUR",MADHYA PRADESH,3300.0,22.5,7.4,7.7,495.0,5.0,3.0,5.0,200.0
MOTI TALAB AT BALAGHAT,MADHYA PRADESH,3301.0,22.1,6.9,7.5,448.0,4.3,2.0,8.0,49.0
"RANI TALAB, REWA",MADHYA PRADESH,3303.0,28.0,6.9,7.4,684.9761904761905,2.3,6.0,7384.170353982301,212.0
"NEHRU NAGAR TALAB, BHILAI",CHHATTISGARH,3164.0,28.2,6.9,7.3,684.9761904761905,18.6,1.0,7384.170353982301,399.0
"HITKASA TAILING  DAM, RAJHARA",CHHATTISGARH,3163.0,26.5,6.3,7.2,684.9761904761905,10.3,1.0,7384.170353982301,652.0
"PICHOLA LAKE AT UDAIPUR (WATER INTAKE POINT), RAJASTHAN",RAJASTHAN,1285.0,23.8,5.3,8.2,572.0,1.5,1.0,7.0,65.0
UDAISAGAR LAKE AT UDAIPUR (INTAKE PT.) RAJASTHAN,RAJASTHAN,1286.0,23.9,4.6,8.4,1463.0,3.2,1.0,16.0,557.0
"PUSHKAR LAKE, RAJASTHAN",RAJASTHAN,1414.0,19.9,4.7,8.2,321.0,1.5,1.0,12.0,242.0
"FATEH SAGAR LAKE AT UDAIPUR INTAKE POINT OF PHED,RAJASTHAN",RAJASTHAN,1481.0,24.3,5.0,8.4,583.0,1.2,1.0,4.0,12.0
"KAYALANA JHEEL JODHPUR, RAJASTHAN",RAJASTHAN,1714.0,23.2,8.4,8.3,300.0,1.0,2.0,5.0,21.0
"NAKKI LAKE, MT. ABU, RAJASTHAN",RAJASTHAN,1716.0,21.7,5.7,8.0,295.0,1.1,1.0,5.0,9.0
"LAKE JET SAGAR, BUNDI, RAJASTHAN",RAJASTHAN,2935.0,26.1,4.5,7.9,483.0,1.5,1.0,5.0,15.0
"JAISAMAND LAKE, ALWAR, RAJASTHAN",RAJASTHAN,2936.0,24.4,5.0,8.0,314.0,1.9,2.0,4.0,7.0
"LAKE SILISERH, ALWAR, RAJASTHAN",RAJASTHAN,2937.0,30.3,5.1,7.9,266.0,0.9,1.08,4.0,7.0
"LAKE RAJSAMAND, RAJSAMAND- POINT NO. 1, RAJSAMAND, RAJASTHAN",RAJASTHAN,2938.0,21.3,5.0,8.6,604.0,1.2,2.29,4.0,11.0
"LAKE RAJSAMAND, RAJSAMAND- POINT NO. 2, RAJSAMAND, RAJASTHAN",RAJASTHAN,2939.0,21.2,4.9,8.6,593.0,1.1,1.0,4.0,7.0
"GAPE- SAGAR LAKE, DUNGARPUR, RAJASTHAN",RAJASTHAN,2940.0,23.2,4.4,8.1,538.0,1.2,1.0,5.0,14.0
"LAKE JAISAMAND, SALUMBER, UDAIPUR, POINT NO. 1, RAJASTHAN",RAJASTHAN,2941.0,22.9,5.6,8.4,591.0,1.1,3.0,4.0,8.0
"LAKE JAISAMAND, SALUMBER, UDAIPUR, POINT NO. 2, RAJASTHAN",RAJASTHAN,2942.0,22.9,5.8,8.5,588.0,1.2,3.0,4.0,6.0
"LODHA TALAB, BANSWARA- DUNGARPUR ROAD, BANSWARA, RAJASTHAN",RAJASTHAN,2943.0,28.7,4.1,7.9,1133.0,2.3,2.0,7.0,67.0
"JALMAHAL, JAIPUR, RAJASTHAN",RAJASTHAN,2944.0,24.3,3.5,8.9,2004.0,6.5,1.0,13.0,248.0
